"NUMERO_ORDRE","NUMERO_PRESTATAIRE","NUMERO_ACTION_PUBLICITAIRE"
1,1,30
2,1,52
3,7,85
4,3,62
5,8,46
6,3,59
7,2,84
8,5,16
9,3,14
10,1,35
11,5,45
12,5,43
13,1,69
14,5,1
15,5,44
16,8,34
17,5,92
18,3,57
19,5,25
20,6,8
21,3,9
22,5,77
23,1,3
24,1,38
25,4,11
26,5,75
27,3,89
28,2,50
29,3,89
30,5,88
31,6,38
32,1,12
33,1,28
34,8,92
35,3,53
36,3,91
37,6,53
38,1,66
39,1,8
40,2,84
41,2,4
42,1,18
43,8,45
44,2,18
45,2,46
46,3,48
47,7,2
48,4,20
49,3,6
50,1,74
51,2,23
52,8,61
53,1,58
54,7,55
55,7,92
56,2,80
57,5,35
58,5,82
59,5,82
60,8,7
61,5,20
62,5,80
63,4,30
64,8,62
65,2,2
66,7,50
67,1,61
68,2,29
69,3,56
70,3,11
71,2,57
72,5,63
73,7,79
74,7,66
75,6,80
76,1,38
77,4,81
78,3,35
79,6,65
80,6,79
81,4,47
82,8,3
83,8,72
84,8,18
85,3,10
86,7,36
87,7,59
88,2,74
89,7,40
90,1,21
91,5,93
92,5,10
93,7,62
